reviewId,userName,userImage,content,score,thumbsUpCount,reviewCreatedVersion,at,replyContent,repliedAt,appVersion,sortOrder,appId
9eeb095f-1876-4e4c-987d-64a01a148e1b,Yamiya _Chan,https://play-lh.googleusercontent.com/a-/ALV-UjU9ouV8nsiFLX33YKxJTXAtui9l-C_O_WpUffcwEukKAc4,"Capcut kadang annoying kadang enggak, yang saya maksud annoying adalah Aplikasinya sering lag dan sering nge freeze selain itu saat saya mencoba login ulang saya tidak bisa masuk selalu ada ""pengguna capcut harus berusia 13 tahun keaatas"" Itu sedikit annoying, tapi gpp yang penting bisa dipakai, dan kadang saat ingin ngedit/template itu sering nge lag dan selalu keluar sendiri tolong diperbaiki supaya aplikasinya menjadi lebih baik Dan tolong biarkan saya login :)",3,4254,9.1.1,9/6/2023 23:25,,,9.1.1,most_relevant,com.lemon.lvoverseas
cc4495ff-8295-4444-af05-d80c537ff100,Rian pebriana,https://play-lh.googleusercontent.com/a-/ALV-UjUuZK_aPnQaY9xUYwDounulDZIobuEW1fGCB6b2X3gyAkdr,"Tolong dong layanan nya ko malah sini malah jelek, gua setiap edit ga pernah bisa di ekspor ke galeri, sekali bisa malah ga ada gambarnya item semua.ini ulasan gua pertama kali waktu pake capcut...sampe sekarang gua masih belum ngasih bintang 5 karna masih ada bug di apk ini kurang akurat kalo versi sekarang",3,31,9.1.1,9/12/2023 16:46,,,9.1.1,most_relevant,com.lemon.lvoverseas
abd30c64-d8e1-43f8-b7ef-924330a673fd,creamy pandax,https://play-lh.googleusercontent.com/a/ACg8ocJamC3IA3rybHfZocwY-Q2fQ3XgBoOxJxCxIkggntE0=mo,"aplikasi udah bagus apalagi nyoba fitur premium, cuman sayangnya setelah barusan di update dan saya mau ngerjain project saya lagi malah pada ilang sendiri kaya transisi, font, musik, efek padahal di timeline nya ada... tolong di perbaiki min",3,886,9.2.0,9/14/2023 9:01,"Terima kasih atas umpan balik Anda. Dengan membuka ""Pengaturan"" > ""Umpan Balik"" di aplikasi CapCut, Anda bisa memberikan draf video yang sesuai dan umpan balik Anda untuk membantu kami menyelesaikan masalah. Mohon maaf atas ketidaknyamanan yang Anda alami.",9/15/2023 0:26,9.2.0,most_relevant,com.lemon.lvoverseas
2c0d0669-e6d9-4baa-aa5b-c591c5bb8135,haifa hasny,https://play-lh.googleusercontent.com/a-/ALV-UjV-Oty6pvy-bAZ7Z69sXuZx2sZP6ckNRdkywm_FSKtZhhg,Aplikasi nya sebelum di update bagus tetapi saat sudah di update menjadi lebih kaku dan kadang suka ngeleg kayak pas saya lagi ngedit video saya malah balik ke layar utama dan kadang saat lagi mempotong foto editan untuk menjadi video fotonya jadi lebih kecil tidak sesuai dengan yg saya inginkan yg sekarang jadi kaku banget kata saya lebih bagus yg dulu yg sekarang malah mempersulit saya mengedit video.,3,334,9.2.0,9/18/2023 6:17,,,9.2.0,most_relevant,com.lemon.lvoverseas
c72fc5d0-382a-4a0c-9b7f-0c32c5203fdf,Gw_lagi _Stress,https://play-lh.googleusercontent.com/a-/ALV-UjVQQaXSeUYBBa7OhFDL5e7Y4yJ30RBu6vTLotJP9ZfUAg,"Apk ini sangat bermanfaat jika ingin mengedit video tapi jika saya ingin mencari sesuatu di templat sering sekali ada tulisan "" Tidak dapat di muat ketuk untuk mencoba lagi "" maksudnya apa y? Saya ingin memakai templat, jadi untuk developer tolong di perbaiki üôè.",3,55,9.3.0,9/25/2023 7:30,,,9.3.0,most_relevant,com.lemon.lvoverseas
7a324236-26e4-44e1-9340-7d2792dba7ee,M. Alamsyah A.B (Alamsyah),https://play-lh.googleusercontent.com/a-/ALV-UjVkg2MaDJ6bjT4eb6gS60vOUYPV6uVhki-FMCT-ozF6xFE,"aneh, mau edit video sm foto pas liburan eh pas buka cc fotonya malah ilang, padahal di galeri ada foto sama videonya. cuma itu problemnya dan untuk efek, filter video itu smua udah bagus, cuma itu tadi, mau ngedit foto video malah gaada gambarnya, padahal ada di galeri. tolong banget ya inimah dev nya, sory baru bisa segini bintangnya, krna emg segini kualitasnya.",3,186,9.3.0,9/28/2023 9:18,,,9.3.0,most_relevant,com.lemon.lvoverseas
3798dd39-83f1-4870-9e4e-8617e2cb7798,Isnawati Riyana,https://play-lh.googleusercontent.com/a/ACg8ocIbuPlovoiQeo6XLF49bF1VnDL08H8MOfJ5K6nuLo_h=mo,"udh komplain yg lain, trs di perbaiki mantab! skrng mau komplain lagi nieh. kalau pas pakai template, waktu pemilihan ft/video yg mau dipakai, trs kalau mau diganti. jangan muncul ke album dong. contoh, mau pakai template trs mau pakai ft yg hasilnya dari A, pas mau diganti. jangan munculnya di album, tp langsung munculnya di yg dri hsl ft/video A itu dong. udh itu aja mks.",3,84,9.3.1,9/30/2023 15:50,,,9.3.1,most_relevant,com.lemon.lvoverseas
17d0a773-554a-4ba9-9966-d1cbd4a780f3,Serly Wulan Dari,https://play-lh.googleusercontent.com/a/ACg8ocKPOnFNJkoHnglWNdFyB6ziC7838BNVIPtDBG8ROo2j=mo,"Setelah di update, kenapa susah mau menambahkan foto di template nya sih, sama di bagian template offline nya biasanya juga klu gk di hidupin datanya juga cepet memuat fotonya. Tolonglah pihak capcut ni di benerin, kmrn2 juga sblm di update mau memuat template nya payah banget.",3,882,9.3.2,10/8/2023 4:06,,,9.3.2,most_relevant,com.lemon.lvoverseas
5bdc683b-bbe2-4fb9-b326-d5407b44548b,Regi Official,https://play-lh.googleusercontent.com/a-/ALV-UjXq9oKbzwHW_iG615bKUfbhDOnyUSY6x6DFoXOqhHGkxw,"Aplikasi nya bagus, tapi kenapa Sy kasih bintang 3? Karena setiap Sy belum update pasti aplikasi nya ga bisa di gunakan harus di update selalu ada tulisan 'aplikasi telah usang' buat hp yg RAMnya dikit sperti hp Sy itu bikin hp Sy memorinya penuh mana MBnya besar lag dan ada satu lagi kendala yaitu terlalu banyak iklan yang sangat mengganggu. Tolong ya di PERBAIKI, walaupun gak di update masih bisa di pake apl nya dan iklannya di hapus atau di dikitin aja",3,2697,9.4.0,10/9/2023 7:49,"Terima kasih atas umpan balik Anda. Anda bisa mengirimkan detail umpan balik ke alamat email capcut.support@bytedance.com. Setelah menerima email Anda, kami akan membantu menyelesaikan masalah yang Anda sebutkan sesegera mungkin. Mohon maaf atas ketidaknyamanan yang Anda alami.",10/10/2023 2:34,9.4.0,most_relevant,com.lemon.lvoverseas
5554a7be-8f28-4f5f-8530-0e6c1f5565c4,Juhaenah Juhaenah,https://play-lh.googleusercontent.com/a/ACg8ocK0pM-2FKmB-i2FvcHhY1g77Djcf-UQ68RV9IUZZLNj=mo,"Aku dari dulu suka pakai capcut buat edit video cuma kekurangannya, kadang gak semua audio terbaca di capcut gak muncul saat mau masukin audio, udah berbagai cara dicoba di edit dulu di aplikasi lain audionya tetap gak terbaca di capcut, jadinya harus di edit dulu di aplikasi sebelah audionya masukin dulu video terus pasang audionya eksport dari aplikasi sebelah terus baru masukin ke capcut yang udah jdi video di import suara saja bisa langsung. Cuma memang harus seribet itukah? Hhmm",3,1023,9.3.2,10/10/2023 14:44,,,9.3.2,most_relevant,com.lemon.lvoverseas
ae518461-18b2-4ba9-9dbf-d54f00c56cf7,Mukhamad Rizky Rahmadani,https://play-lh.googleusercontent.com/a/ACg8ocIp-7QJ2foZpeQNFHm5l4DPR2lAiePdkKEVbNCThXbF=mo,"Bagus banget sih ini aplikasi, bisa pakai beberapa template yang beragam dan juga bisa ngedit sendiri, tapi ada kekurangan saat ekspor video ke galeri videonya sedikit patah¬≤ saya coba lagi tetap sama, tolong diperbaiki ya üòÑ",3,91,9.5.0,10/18/2023 11:53,,,9.5.0,most_relevant,com.lemon.lvoverseas
4053e565-d645-4f93-8a2b-ba6225984e4c,Elisa Ratna,https://play-lh.googleusercontent.com/a-/ALV-UjWFeASUrR4QN9I5-eN2tJuirxXd-78CmL1U3bGleHcdP7g,"Dulu aplikasi ini sangat membantu tapi entah mengapa setelah diperbarui malah jadi semakin aneh , kadang audionya nda ada , sekarang susah jg buat gnti foto, semoga ulasan ini bisa membantu capcut buat membenahi kedepannya terimaksih",3,277,9.6.0,11/3/2023 12:31,,,9.6.0,most_relevant,com.lemon.lvoverseas
cf62e348-2317-4fa2-85ca-4e2f098182a6,farah syakira,https://play-lh.googleusercontent.com/a/ACg8ocK1o5MQrmjtwGiLnx9t6zXnUkupqX2sH8SoEBPh151d=mo,Bagus tapi capcut nya suka ngebug misalnya waktu mau putar ulang lagu tapi suaranya jalan tapi lagunya enggak!! Tolong perbaiki karna sangat mengganggu!!!!!!!!!!!,3,43,9.7.0,11/4/2023 8:36,,,9.7.0,most_relevant,com.lemon.lvoverseas
667db51c-bc86-40be-ade2-6d5808312106,Anita Lia,https://play-lh.googleusercontent.com/a/ACg8ocIVozbkoU5ZkG_0EVDi_W0F07--T0nVYskodhQL8kXO=mo,Aku kasi rate 3 ya soalnya ada beberapa keluhan yang harus aku sampaikan 1. Jika jaringan lemah maka video klip akan lag/bug 2. Video berakurasi tinggi akan lag jika data tidak sesuai 3. Kalo masuk capcut harus nunggu 10 menit 4. Kalo pas ekspor tamplate terus buka¬≤ apk lain suka bgt lag 5. Saat menggunakan Tamplate JJ pas di liat Tamplate nya durasi nya cepet tapi pas di gunakan malah durasi nya kelamaan 6. Kalo loading suka bgt gagal padahal jaringan kuat Tolong di perbaiki lagi ya,3,239,9.7.0,11/8/2023 13:27,,,9.7.0,most_relevant,com.lemon.lvoverseas
ab7e6b1e-35f7-4117-9589-839c56bc9d04,intan s,https://play-lh.googleusercontent.com/a-/ALV-UjVsqi9U9GKjTaxt77XjXzNeNznU03T0kwoJuYZcH8eeKQ,"Ada beberapa kendala kecil ya,pertama pas ekspor video tuh jadi lag bgt padahal cuman lirik doang mana pendek kadang smpe 30 menit,yang kedua pas buka apk langsung muncul iklan alias suka risih aja gitu sama si iklannya,yang ketiga pas slowmo videonya tuh jadi patah-patah bgt tapi masih okelah yaa recommended bgt si buat editor!!! 9/10",3,134,9.8.1,11/15/2023 11:43,,,9.8.1,most_relevant,com.lemon.lvoverseas
0b26a36f-7bc7-49f8-9516-7505a19666e5,Cei cici,https://play-lh.googleusercontent.com/a-/ALV-UjVtIGlCFTyJswsW96DZSGl-4NjatWZXqmpCieqRnEXqig,"Bingung sama ni apk..kayak aneh aja gitu, kadang album favorit yang biasanya buat ku simpan beberapa template tiba tiba ilang gitu aja.. terus gimana bisa liat templatenya kalo penyimpanan template favoritnya ga ada",3,81,9.8.1,11/15/2023 11:59,,,9.8.1,most_relevant,com.lemon.lvoverseas
4abedbd5-dd9a-437d-8a0e-e9913f0b7765,Rika Azzahra,https://play-lh.googleusercontent.com/a/ACg8ocJyFaZs5TV6KhvcWAF8q3wWt-obkiCpnQQrUKmOc_H5=mo,"Ini kenapa capcut kok makin jelek tiap bulan minta update terus. Giliran udah selesai up malah macet, aplikasi suka keluar sendiri saya ngedit kan jadi harus ngulang"" terus tolong ya diperbaiki. Sangat menggangu saat digunakan",3,49,9.9.0,11/19/2023 2:42,,,9.9.0,most_relevant,com.lemon.lvoverseas
1f9314c5-9481-4ce3-baf4-ba3b4a03b7f6,dwi anang,https://play-lh.googleusercontent.com/a-/ALV-UjU7loQqF5DBHPkdVopjmEvld5GXt2f0j0Z9KOPBO0vQ1A,Foto gak pernh bisa full sesuai asli hasil foto kita dan sllu terpotong. Hanya terlihat sebagian. Semuanya begitu.. jadi jarang pake capcut.. tolong di perbaiki lagi lah ...,3,36,9.9.0,11/21/2023 18:39,,,9.9.0,most_relevant,com.lemon.lvoverseas
67ca9176-e07b-44bb-b2c9-ca6a41fef41d,ANDRIAN TV,https://play-lh.googleusercontent.com/a-/ALV-UjWE9Sg3Krlh_Ii-SRJ7pRXDZCM4h1Ly63-waI0rbOssyGo,Maaf saya belum bisa memberikan bintang yg sempurna karna ada beberapa bug yang membuat saya risih ketika membuat video yaitu seperti ketika sedang mencek video yg kita buat tiba tiba video nya itu jadi slowmo sedangkan lagu nya ga jadi ga pas sama lagu nya itu bug yang harus di hilang bagi saya kualitas sudah cukup baik tapi masih ada bug jadi mohon dihilangkan secepatnya terimakasihüôè,3,379,10.0.0,11/25/2023 3:52,,,10.0.0,most_relevant,com.lemon.lvoverseas
7fe27a93-f061-4239-a22d-3c33accc7a71,Farrel Pecinta mobil,https://play-lh.googleusercontent.com/a-/ALV-UjU4CAKn3QGXR5BmOv-UL8WhMwH2dyky5RMwKpgTrlrqUg,Ada bug yang cukup ganggu yaitu ketika sedang mengunakan suara dalam pengeditan video masalahnya adalah ketika masang suara itu tidak sesuai dengan frame rate video tersebut masalah ini cukup mengganggu bagi saya,3,31,10.0.0,12/1/2023 15:23,,,10.0.0,most_relevant,com.lemon.lvoverseas
14ccbdd2-0271-4f66-aed4-010e0078e83a,Muhammad Reza Sofyan (Tsuyhosi toza),https://play-lh.googleusercontent.com/a-/ALV-UjUOby1iGnXpWFdzsTHCHf7yvJQgWhoy3KFPYe39S3Q54UQ,"Ini apk nya bagus sih... tapi ada beberapa bug seperti, tepat pencarian template tidak bisa ditekan, dan lain¬≤. jadi tolong diperbaiki bugnya,aku mau cari template aja harus di tik tok, tidak di apk nyaüòî",3,23,9.7.0,12/2/2023 14:23,,,9.7.0,most_relevant,com.lemon.lvoverseas
23508afa-19b1-4c6f-90ea-46776a8c0061,tsalimah lam ulumiyah,https://play-lh.googleusercontent.com/a/ACg8ocLu14kSQkz95STJW8IH-CVWDZzwx04j5MKbajBpe9O2=mo,"Bintang 3 dulu, problem: Untuk menyimpan video dengan kualitas vid yang bagus kadang suka gagal menyimpan, smpe diulang2 ttp aja. Saran: Kalo bisa pas mau pencet tombol unduh/simpan vid yg telah kita edit, beritahu dulu jika memori/penyimpanan kita tdk cukup, jadi tidak perlu sampai mengulang¬≤ tanpa tahu sebabnya dan menunggu lama.",3,2636,10.0.0,12/3/2023 16:24,,,10.0.0,most_relevant,com.lemon.lvoverseas
4ed853b2-caba-49a4-af97-140fca201da0,Faishal Hariz,https://play-lh.googleusercontent.com/a/ACg8ocKwUARBMoNV5IZQPXxypRLpsrFtu9OvLaSgt-Quo05x=mo,"Untuk update an skrg capcut termasuk nya sdh bagus banget, tapi knp klo pakai template capcut yg gonta ganti foto selalu ada jeda warna hitam ya? Contoh nya pada saat ganti 1 foto ke foto kedua dan seterusnya. Mohon minta tolong dari pihak capcut untuk di fix dan dibenerin lagi bug nya terimakasih",4,437,10.0.0,12/3/2023 20:34,,,10.0.0,most_relevant,com.lemon.lvoverseas
8e5dd646-f364-41af-9c6d-3615772c0d06,Fatin 123,https://play-lh.googleusercontent.com/a/ACg8ocLuJY5kOIt5ZduAzQTb-2AfJ9RXEVLCldWUN8cP1Fdv=mo,"setelah update aplikasinya, aplikasinya sering banget error dan keluar tiba tiba. Mohon dibantu kak üôè",3,1,10.1.0,12/7/2023 6:21,,,10.1.0,most_relevant,com.lemon.lvoverseas
32000c61-3699-4c7d-806c-5112ffc5ce2c,diah eka1983,https://play-lh.googleusercontent.com/a-/ALV-UjWy4YlLf0fRb9dQf7Fui6DcK64OxRPUN-f61ZERaQdT1A,"aplikasi ini sangat membantu sekali untuk mengedit video2 pembelajaran/kegiatan2 lainnya. saya masih baru untuk urusan video/editing jadi saya pilih capcut, karena cara kerjanya lebih mudah dipahami & pilihannya banyak. terimakasih capcut",5,944,10.1.0,12/7/2023 10:19,,,10.1.0,most_relevant,com.lemon.lvoverseas
927fb8b8-2580-403a-8579-747b7d38208c,Dwi Nanto,https://play-lh.googleusercontent.com/a/ACg8ocKgLCX38qeXOY6w3GnOBNnxeyJi5ZyquPkO-pwcE1hj=mo,"Menurut saya aplikasi capcut ini lumayan membantu untuk saya yang tidak bisa mengedit video, tapi kata¬≤nya lumayan jijik buat saya contohnya ""ini ayang aku, mana ayang kamu? "" menurut saya itu lumayan menjijikkan yaüôèüôè",3,6,10.1.0,12/7/2023 11:30,,,10.1.0,most_relevant,com.lemon.lvoverseas
bb4e2245-0fef-43a4-9a6c-3417bd680e52,Nur Afifah,https://play-lh.googleusercontent.com/a/ACg8ocKH5-lBaBKQjBEcY9h2JnV9f0MODcRS09s9a9MEboBy=mo,"kenapa sekarang susah banget edit vidio di cupcut selalu muncul tulisan jaringan internet tidak tersedia, padahal saya pakai wifi lemot parah.",3,3,10.1.0,12/8/2023 5:20,,,10.1.0,most_relevant,com.lemon.lvoverseas
f2dc3e12-f720-4d7e-8241-c36a0fc33c2e,Abel Purnama sari,https://play-lh.googleusercontent.com/a-/ALV-UjUX1AU5AqDkzdYcpZExj5tYbX823lE-Od4aY7PRKDfOYhM,"Kenapa habis saya hapus terus fitur templat nya hilang ya, trs ada tulisanya tidak ada jaringan, padahal sy buat buka tiktok, youtube lancar lancar aja",3,2,10.1.0,12/8/2023 7:33,,,10.1.0,most_relevant,com.lemon.lvoverseas
a0cdee45-b8ce-47a7-aa45-baee5b8683a5,Sulis Tiyani,https://play-lh.googleusercontent.com/a-/ALV-UjVS4iuXcm9MWBxcDIaTcxeMOxBg_ri-c50OO1vcsnqyHg,"PARAH ... udah 3 hari ini gabisa dipakai semua alatnya. Muncul tulisan tidak ada internet, padahal koneksinya juga bagus. Sudah sy update pula, gimana ini? Mohon bantuannya. Bisa beralih ke editor lain kalo seperti ini",3,25,10.1.0,12/8/2023 10:26,,,10.1.0,most_relevant,com.lemon.lvoverseas
e6c41f66-03d0-4602-ad20-dd34ce6fbf13,Murwanti,https://play-lh.googleusercontent.com/a/ACg8ocJncVeAft9FAW-OcjpOrhuj5FMsXxKd5Tp9MNjObwaY=mo,"Tolong jaringan internet di perbaiki masak pakai wifi buka apk ini gk bisa , buka apk lain bisa lancar semua . Tolong settingan jaringan di bikin kayak dulu lagi jangan di ubah"" yg ada peminat makin dikit kalau jaringan sulit gini",1,2025,10.1.0,12/8/2023 11:16,,,10.1.0,most_relevant,com.lemon.lvoverseas
987065c5-8b6a-4e51-976c-0c25c4180672,sacanata kancana,https://play-lh.googleusercontent.com/a/ACg8ocKZGorEflI_4KFsIucSb8uvtUE6dKD_wvGCiMnr5wp7=mo,kok versi sekarang gak keluar ikon template nya aku nyari template cap cut di tik tok udh mau bisa eh malah tulisan nya tidak ada koneksi internet padahal pake wifiü•≤,3,4,10.3.0,12/8/2023 22:49,,,10.3.0,most_relevant,com.lemon.lvoverseas
4f365450-bb16-41ad-8f51-4d4436eac0ee,Nardy Jez,https://play-lh.googleusercontent.com/a-/ALV-UjWnUeKl5iNhgFBuPoM11npRUk4RebZz38UYZL7j188nP_mz,Kenapa setelah saya update dengan versi yang terbaru saat mengedit macet tidak bisa di tekan - tekan. Dan tepatnya saat mengedit teks selalu error..,3,4,10.1.0,12/9/2023 0:15,,,10.1.0,most_relevant,com.lemon.lvoverseas
59e54951-f9ba-4886-9a8c-75f4639c3480,Dimas Kaystha Prayoga,https://play-lh.googleusercontent.com/a-/ALV-UjUpCs0m1c2O14yTgqNT0LXCYfjb-eLxzqvhE4bc09bRMOg,"Sebelum update capcut aman"" aja, tapi sekarang kok sering ngebug, udah gitu mau masuk capcut aja ada tulisan (jaringan anda tidak stabil) padahal WiFi kenceng, coba pake paket data tetep ga bisa. Tolong cepat diperbaiki",1,3828,10.1.0,12/9/2023 1:16,,,10.1.0,most_relevant,com.lemon.lvoverseas
3b0c3ede-6a15-4f2c-9e76-a9a0bdc19582,Amelia Hanifa,https://play-lh.googleusercontent.com/a-/ALV-UjX4UHAlj8Q-X-JbKgcPaRPqStOrHcnzivQZS2Dave8KkQ,"aplikasinya udah ga bagus kaya dulu lagi! masa kita pas ngedit kita kembali terus mau lanjut ngedit lagi ga muncul, ngelag parah. kalau mau balik videonya harus di ekspor dulu baru keluar. tolong perbaiki lagi!",2,12,10.1.0,12/9/2023 2:23,,,10.1.0,most_relevant,com.lemon.lvoverseas
27c5646c-8598-441c-b57b-5a3606f5b975,Herma Risma,https://play-lh.googleusercontent.com/a-/ALV-UjV6dBC3e3jUGEUEK5I1E-TG2jyLVx007cM2zFiSBevwxSQ,"3 dulu deh, ini knp yah setiap mau buka templat pasti ada pemberitahuan klo koneksi internet tidak ada, padahal saya wifinya lancar, tolong yaüôÇüôè",3,5,10.1.0,12/9/2023 4:09,,,10.1.0,most_relevant,com.lemon.lvoverseas
be05c2b8-0c33-4a8b-be42-4b7354992cc3,edward lee hartono,https://play-lh.googleusercontent.com/a-/ALV-UjWEowdkknvZ5Y0hGGqRQjeNtzaNMyGIy1EPL0iHolNC1PM,"Saya memberi Tiga Bintang, karna Aplikasinya Error Terus, Dan saya tak bisa menggunkan Templat Karna Satu Gejala, yaitu Jaringan Koneksi Kurang Stabil, saya sudah coba Install Aplikasinya lagi, tetapi tetap Tidak bisa, aplikasi lain bisa saya bukan kecuali Aplikasi ini, Tolong Di Perbaiki ya, biar saya Bisa Memakai Aplikasi ini lagi dengan Baik, sementara ya beri bintang 3 dlu",3,10,10.1.0,12/9/2023 4:36,,,10.1.0,most_relevant,com.lemon.lvoverseas
1379b0e5-339f-4145-b867-332f8770e89e,Reyka,https://play-lh.googleusercontent.com/a/ACg8ocKsu4rbsiUA-LFySiMpHyOIiNAHUyTecZnfm7C2VbMN=mo,Aplikasinya berguna namun kasihan konten kreator kecil karena harus membayar perbulanya jadi tolong fitur berbayarnya dihilangkan.,3,0,10.1.0,12/9/2023 7:13,,,10.1.0,most_relevant,com.lemon.lvoverseas
0537f10e-3a03-44ea-9efb-f2aae0b2e39a,Atiah Najwa,https://play-lh.googleusercontent.com/a/ACg8ocJ3NvIGR6_maBXGA80sDrqKbn-H8SPwCwKfqRrPLylp=mo,"Selalu ngeleg padahal kuota masih banyak, ram masih banyak, tetep aja ngeleg, trus banyak iklan berkeliaran di fyp!! Tolong di perbaiki ya!",3,128,10.1.0,12/9/2023 8:10,,,10.1.0,most_relevant,com.lemon.lvoverseas
532f9beb-8145-4223-8e97-ab846843dd04,Dewi Monica,https://play-lh.googleusercontent.com/a/ACg8ocLCIO2C9ySCGxX-qPaZynybL720H62jHXkuxOwZQNRC=mo,"Aplikasinya bagus bgt !! Pokoknya berkelas bgt ,, bisa bikin JJ ,, bisa bikin video sendiri dan banyak template"" yang bagus dan menarik untuk di pakai ,, tapi ada minusnya,, setiap melakukan pembaruan pasti nambah"" semakin byk ruang yg di gunakan oleh capcut ,, itu saja yg bisa saya sampaikan,, terimakasih",5,274,9.4.0,12/9/2023 8:55,,,9.4.0,most_relevant,com.lemon.lvoverseas
53b79a57-a755-49b1-9b89-73c270994084,hendra srilove,https://play-lh.googleusercontent.com/a/ACg8ocKnGtTCgDH3TuI8ahpWOcts-9ILjg0e7FUDejGU-Bzk=mo,"Demi apa coba,aku nge update aplikasi ini,bener bener nyesel,kok sekarang jadi nge bug sih,padahal dulu engga,aku nge update cuma pngn agar semua template bisa di pake,ehh,pas diupdate malah nge bug,pas saya coba,JJ nggak ada,video diammm trs,ngebug,nggak bisa dikendalikanüôÑ,tolong diperbaiki,tolong,maaf,saya kurangi bintang nya,kalo sudah diperbaiki,saya kembalikan bintangnya,maaf,apabila perkataan kami ada yg menyinggung developer üôè",1,372,10.1.0,12/9/2023 10:24,,,10.1.0,most_relevant,com.lemon.lvoverseas
d0c5c477-2ada-4acb-95d4-5bf1ea3fec34,Istau Linda,https://play-lh.googleusercontent.com/a-/ALV-UjUzNFD02K_RloLC06sbTREuVKTlmTnXrRssHDfywvKbt2o,"Ku kasih 4 dulu. Aplikasi ini sangat membantu, tapi kenapa selalu kendala tidak ada internet, padahal jaringan bagus pakek banget. Maunya pakai data, kalau pakai wifi gk jalan. Dan itu benar-benar menghambat kerja!!",4,22,10.1.0,12/9/2023 10:46,,,10.1.0,most_relevant,com.lemon.lvoverseas
08ad96cc-1831-4d30-9e97-72b2cfdc81f5,Arum Sumbawa123,https://play-lh.googleusercontent.com/a/ACg8ocKD64-F3fKKQBWNl78xhkhTClmfUdbiQBOg8D01CHu6=mo,"sbnrnya bagus bagus aja, ak dh dri dlu pkai capcut tpi skrng knp capcut tuh kek mksa bgt untuk pke capcut pro ya klau kta yg nga bsa beli brrti nga bsa pakai capcut? huh pdhl udh ada video yg hrs di up.",3,3,10.1.0,12/9/2023 23:20,,,10.1.0,most_relevant,com.lemon.lvoverseas
28fcf854-0546-4a4e-a0a2-325b8440754e,Laurent Tessalonika H G,https://play-lh.googleusercontent.com/a-/ALV-UjVpL1xnXW1oOLynm2DAdOVRmqIUL2NsxICDy8c7vNNUA5U,"Capcut jaringan saya stabil dan lancar saya pake kouta,kenapa tida dapat melakukan pencarian template,"" jaringan tidak stabil ketuk lagi"" maksudnya apa kalo begini peminat capcut berkurang !!!",1,22,10.1.0,12/10/2023 12:07,,,10.1.0,most_relevant,com.lemon.lvoverseas
25c24238-d36b-48c6-899f-bc51e96e5114,Lutfi Aria,https://play-lh.googleusercontent.com/a/ACg8ocLYZgjterhNmG3K7geHzcwlUy_QoeTW_VTJ9kWgwBaE=mo,Aku kasih bintang tiga dulu ya soalnya Filter ny sedikit doang tolong di perbaiki lagi ya dan banyakin lagi filter nya jedag jedug nya belom sempurna banget mohon di perbaiki ya bye.‚≠ê‚≠ê‚≠ê 1/5 =3 (Tiga),3,5,10.1.0,12/10/2023 12:27,,,10.1.0,most_relevant,com.lemon.lvoverseas
323fd757-976d-47f5-9c01-a558051d36a6,Anisyah Dianty,https://play-lh.googleusercontent.com/a/ACg8ocJ237sM4yj3X76F9zDacGD0DD6HEWGTeGrfVcvV7l8B=mo,"Capcut makin kesini makin diperbarui malah makin lemot makin ngelag makin ngebug. Aplikasi saat dipakai udah lelet duluan, pas udah selesai dari aplikasi c cut nya malah hp aku ikutan lag. baru buka aplikasinya udah ngelag kayak berasa HP aku gitu yang rusak bukan aplikasi CapCut nya!!!!! Tolonglah ya dibereskan dengan sangat teliti. Awal2 dulu saya tau C cut ini ngga ngelag TAPIIIIIII SEKARANG Masyaallah tabarakallah lag nya ampun banget padahal sinyal enak2 ajaa Tolonglh ya di bresin CC ny",1,140,10.1.0,12/10/2023 14:39,,,10.1.0,most_relevant,com.lemon.lvoverseas
74842814-c008-41cc-af81-2d34b2237701,Ayu Nurcahya,https://play-lh.googleusercontent.com/a-/ALV-UjV5x9XKNsIeZAO_RX48W9Kn0xJmRAaGwiCPGc1E0E3bhTE,"Surat terbuka untuk CapCut. Tolong kembalikan lagi CapCut seperti yang dulu. Kenapa sekarang selalu ada peringatan Jaringan tidak Stabil atau tidak tersedia, padahal wifi dirumah lancar jaya aman terkendali dipakai di berbagai Aplikasi. Kenapa pakai Data seluler baru bisa. Jika Pihak CapCut sudah merespon keluh kesah penggunanya dengan memperbaiki atau mengembalikan ke setelan dulu, baru saya akan kasih report yg bagus. Ditunggu responnya. Terima kasih.",1,12073,10.1.0,12/10/2023 14:52,,,10.1.0,most_relevant,com.lemon.lvoverseas
890c76c3-dee8-4cdf-89f8-bf14f2e2f1bd,Rievaldo Mahendra,https://play-lh.googleusercontent.com/a/ACg8ocJdI3LpygcLrNNJkMBqUtg1mDv-keNKn6mlM17msP9b=mo,"Sejak update capcut jadi busuk sekali , nge bug jaringan tidak stabil, jaringan tidak ada sinyal, pdhl pakai wifi buka yg lain aman"" aja tapi pas buka capcut jdi eror. Fix emg aplikasinya capcut yg eror , semoga cepat di perbaikii üôèüèª",1,29,10.1.0,12/10/2023 20:15,,,10.1.0,most_relevant,com.lemon.lvoverseas
7aab5ab5-4131-4295-82dc-61c267372a0f,ALTING81 _VITRIA,https://play-lh.googleusercontent.com/a-/ALV-UjXJkQ10XqjwFj3uNqgHWE-XkcbY9LMgyZc4NHzZB831LTU,"Aku bisa kreatif dalam membuat videoku, banyak template juga yg bisa digunakan.. sangat mudah dan menyenangkan, hanya perlu tambahan editing/filter video agar lebih maksimal",5,22,10.1.0,12/11/2023 2:48,,,10.1.0,most_relevant,com.lemon.lvoverseas
98671331-3425-4a50-89ec-1506123f45ef,Sulastri Sulastri,https://play-lh.googleusercontent.com/a/ACg8ocJbdU4JlNRWN2nO5fZDK1uQvsGiOBG4WBnYUq89ik-l=mo,Hello saya kembali ingin memberitahu bahwa ada bug lagi yaitu video yang di putar mundur menjadi ke scene yang lain dan berulang¬≤ jadi tolong pihak capcut untuk di perbaikiüôè,4,10,10.1.0,12/11/2023 4:34,,,10.1.0,most_relevant,com.lemon.lvoverseas
